{"cameraMode":{"drawMode":0,"name":"Shaded","section":"Shading Mode"},"sceneLighting":true,"audioPlay":false,"sceneViewState":{"showFog":true,"showMaterialUpdate":true,"showSkybox":true,"showFlares":true,"showImageEffects":true,"showParticleSystems":true},"in2DMode":false,"pivot":{"x":1.9119352102279664,"y":1.7422939538955689,"z":3.4375574588775636},"rotation":{"x":-0.06924481689929962,"y":0.930018424987793,"z":-0.23530396819114686,"w":-0.2736840844154358},"size":10.854591369628907,"orthographic":false}