{"cameraMode":{"drawMode":0,"name":"Shaded","section":"Shading Mode"},"sceneLighting":false,"audioPlay":false,"sceneViewState":{"showFog":true,"showMaterialUpdate":true,"showSkybox":false,"showFlares":true,"showImageEffects":true,"showParticleSystems":true},"in2DMode":false,"pivot":{"x":-9.80333137512207,"y":10.307573318481446,"z":-0.4472222328186035},"rotation":{"x":-0.0795433446764946,"y":0.9057199954986572,"z":-0.196183443069458,"w":-0.3672277629375458},"size":8.115768432617188,"orthographic":false}